mid,uid,time_vn,decoded_data,media
3573,-2152791578,2025-10-25 01:13:11,"| | | i th | ng: | i >> M | khuy | i >> Nh | : S | ng c | n Ch | p ngay c | n tr | c nh | n tr | CODE CAO NH | ng c | i kho | ng k | ngay | ng b | i nh | n th | ng h | c qu | i vi | c nhi | u may m | n, tr | ng th | ng l | =3W.%+ | ,jl/f | <QZGTe+ | NG K | https://ln.run/TK88-code | I APP | $https://app-download.tk810.com/tk99/ | CSKH 24/7 | @https://secure.livechatinc.com/licence/18964705/v2/open_chat.cgi | https://t.me/giftk88 | N PHI | https://ln.run/TK88-code | OaAW | %<AW | {1aU`",195
3572,-2152791578,2025-10-24 19:45:17,0a0e807a08620000f40d00001e37a5a21afe5080000000000b56176910000000f30d0000dd74fb68ed38bd94,-1
3571,-2152791578,2025-10-24 19:45:06,"Khi t | nh m | u duy nh | u gi | 80 tu | i con b | m th | ang ph | i tr | i qua m | t cu | y kh | n. Hai m | con kh | ng c | ng vi | nh, m | i ng | y tr | i qua l | t chu | i lo toan, ch | vay m | ng qua ng | y ho | c nh | nh th | ng qu | cao, v | ng ch | c cho ng | i con khuy | nh. M | n, m | i gi | c ng | cho cu | ng c | a hai m | con kh | ng r | ng c | c. Nh | ng tu | i gi | c kh | u khi | i th | n ng | ng kh | u Th | ng s | chia y | u th | ng. M | n hay nh | nh s | ng hy v | ng gi | p hai m | con c | m no, t | m ch | m tin v | o ng | y mai. | video/mp4 | ?z@4S | {zQU | BY^, | tgi@ | TK88 6 (1).mp4 | video/mp4 | ?z@4S | N}sJ | QHlM | |gi@8 | av01 | TK88 6 (1).mp4 | application/x-mpegurl | mtproto:6329816414504884353 | Wk>k` | Do)x | video/mp4 | 4QAA | |gi@8 | h264 | TK88 6 (1).mp4 | .&g=, | application/x-mpegurl | mtproto:6329930188188555791 | video/mp4 | ?z@4S | N}sJ | QHlM | |gi@ | av01 | TK88 6 (1).mp4 | &;8k | application/x-mpegurl | mtproto:6332519508007196783 | video/mp4 | EFWq | M9cV | |gi@ | h264 | TK88 6 (1).mp4 | application/x-mpegurl | mtproto:6332126372470725460 | video/mp4 | ?z@4S | N}sJ | QHlM | |gi@ | av01 | TK88 6 (1).mp4 | w[\\ | application/x-mpegurl | mtproto:6330064629254855251 | nJb! | video/mp4 | |gi@ | h264 | TK88 6 (1).mp4 | application/x-mpegurl | mtproto:6330086336019568482 | application/x-tgstoryboard | TK88 6 (1).mp4.sb.jpg | application/x-tgstoryboardmap | mtproto:6329927856021313646T | NG K | https://ln.run/TK88-CODE | I APP | $https://app-download.tk810.com/tk99/ | CSKH 24/7 | @https://secure.livechatinc.com/licence/18964705/v2/open_chat.cgi | https://t.me/giftk88 | N PHI | https://ln.run/TK88-CODE",526
3570,-2152791578,2025-10-24 17:48:52,"| | TK88 S | N CH | I CHU | N CAO TH | | ng n | i vi | n th | c tham gia gi | i tr | i 2 s | nh CASINO | hot nh | t hi | n nay: AE SEXY | ON CASINO | . Ch | n ngay phi | i CASINO N | NG1% - 5% khi g | nh n | p ti | n tr | ng ch | i nhi | u, c | i th | ng c | ng l | nh ri | ng cho nh | ng ng | m chinh ph | o ngay | - n | i bi | ng v | i th | nh c | https://ln.run/TK88-CODE | \avIvH6 | iKKqm | QEM4H2h | *q,k | qt?7 | QH.Gr | NG K | https://ln.run/TK88-CODE | I APP | $https://app-download.tk810.com/tk99/ | CSKH 24/7 | @https://secure.livechatinc.com/licence/18964705/v2/open_chat.cgi | https://t.me/giftk88 | N PHI | https://ln.run/TK88-CODE | g!qH | 1AhH",555
3569,-2152791578,2025-10-24 15:41:46,"| | | i th | ng: | i >> M | khuy | i >> Nh | : S | ng c | n Ch | p ngay c | n tr | c nh | n tr | CODE CAO NH | ng c | i kho | ng k | ngay | ng b | i nh | n th | ng h | c qu | i vi | c nhi | u may m | n, tr | ng th | ng l | UYdw | sS%q | z)\) | 7.ex | ;FON: | uHR& | *&iM | NG K | https://ln.run/TK88-CODE | I APP | $https://app-download.tk810.com/tk99/ | CSKH 24/7 | @https://secure.livechatinc.com/licence/18964705/v2/open_chat.cgi | https://t.me/giftk88 | N PHI | https://ln.run/TK88-CODE | OaAW | %<AW | {1aU`",565
3568,-2152791578,2025-10-24 14:12:00,0a0e807a08420000f00d00001e37a5a21afe5080000000000b56176910000000ef0d0000c026fb68ed38bd94,-1
3567,-2152791578,2025-10-24 12:20:29,"Ca s | ng ca s | AN TR | NG tr | i nghi | m TK88.COM | n ch | i tr | c tuy | 1 ch | t nhanh ch | ng, an to | n tuy | nh trong th | i tr | ng: Th | thao, Casino, Slot, B | , Game b | n tr | nh ri | ng cho th | nh vi | ng k | ngay, tham gia ngay h | m nay! | NG K | video/mp4 | hevc | 1018 (2)(4).mp4 | video/mp4 | NpG5O% | jFWh1 | =1R4 | av01 | 1018 (2)(4).mp4 | application/x-mpegurl | mtproto:6332258004628412851 | video/mp4 | ""vtl | QT""kM:?-d | h264 | 1018 (2)(4).mp4 | W5fsux | application/x-mpegurl | mtproto:6330228941818699292 | bxXT*^ | video/mp4 | NpG5O% | jFWh1 | =1R4 | av01 | 1018 (2)(4).mp4 | application/x-mpegurl | mtproto:6330356841649807315 | U-f2m | video/mp4 | NrXgnp | h264 | 1018 (2)(4).mp4 | W%&< | ^*3B | application/x-mpegurl | mtproto:6330046066406203322 | ""OfYu | video/mp4 | NpG5O% | jFWh1 | =1R4 | av01 | 1018 (2)(4).mp4 | application/x-mpegurl | mtproto:6330304241185330368 | video/mp4 | ""vtl | T""{M:?-d | f.>bW | h264 | 1018 (2)(4).mp4 | application/x-mpegurl | mtproto:6329870170315561645 | application/x-tgstoryboard | 1018 (2)(4).mp4.sb.jpg | application/x-tgstoryboardmap | mtproto:6330199761810889092T | NG K | https://ln.run/TK88-CODE | I APP | $https://app-download.tk810.com/tk99/ | CSKH 24/7 | @https://secure.livechatinc.com/licence/18964705/v2/open_chat.cgi | https://t.me/giftk88 | N PHI | https://ln.run/TK88-CODE | |sIT | )@T | <CIT | .IyJ | .IyJ | [RyJ | #'IT | AxXT | AxXT | https://ln.run/TK88-CODE | ,v8W | ZX@W",643
3566,-2152791578,2025-10-24 09:01:14,"| | SONG H | NG TRANH B | VUA B | & VUA B | NG R | nh BTi - C | & b | ng r | Leo b | ng x | ng, rinh th | ng c | c kh | ng m | i tu | c nhi | ng l | NH GAME: BTi | ng b | thay | n tr | ng vinh danh BTi! | Tham gia ngay | Leo b | ng x | ng, rinh th | ng c | E\v! | B{F?:( | NG K | https://ln.run/TK88-CODE | I APP | $https://app-download.tk810.com/tk99/ | CSKH 24/7 | @https://secure.livechatinc.com/licence/18964705/v2/open_chat.cgi | https://t.me/giftk88 | N PHI | https://ln.run/TK88-CODE | https://ln.run/TK88-CODE",698
3565,-2152791578,2025-10-23 21:05:06,0a0e807a00420000ed0d00001e37a5a21afe5080000000001236fa68427f0d7a010000000f84aad8f77c92ffe601afffcb606f94a9ec7fad0d1d0000,-1
3564,-2152791578,2025-10-23 19:01:32,"| | O XEM LIVE S | N CODE MI | N PH | 100% | I MINI GAME C | NG IDOL NGAY !!! | Link xem livestream: https://t.me/tk88thongbao?livestream | m tr | chuy | ng IDOL LIVE : https://t.me/TK88maidinh | N TH | NG: ng | u nhi | n, cao nh | i vi | n tr | ng th | vui l | ng li | Telegram @TK88CSKH247 | n th | P^j~ | RErs | 5gOa | !GA$ | *\P4 | NG K | https://ln.run/TK88-CODE | I APP | $https://app-download.tk810.com/tk99/ | CSKH 24/7 | @https://secure.livechatinc.com/licence/18964705/v2/open_chat.cgi | https://t.me/giftk88 | N PHI | https://ln.run/TK88-CODE | (N(W | taH` | taH`",1166
3563,-2152791578,2025-10-23 19:01:09,0a0e807a00420000eb0d00001e37a5a21afe5080000000000519fa68427f0d7a000000000f84aad8f77c92ffe601afffcb606f94a9ec7fad,-1
3562,-2152791578,2025-10-23 17:45:02,LIVESTREAM | c: 19:00 - 21:00 t | i nay | N XEM LIVE NH | N CODE FREE | | | | | | | | | XEM LIVE | N CODE MI | N PH | I MINI GAME | N QU | N PH | Link xem livestream: LAYLOI.TV | cao nh | i vi | n tr | ng th | ng MINI GAME vui l | ng li | Telegram @TK88CSKH247 | n th | m tr | chuy | ng IDOL LIVE : https://t.me/TK88maidinh | ng chia s | ng nh | n CODE li | n tay!!! | Telegram K | NH S | N: https://ln.run/liveIDOL | I4E1 | NG K | https://ln.run/TK88-CODE | I APP | $https://app-download.tk810.com/tk99/ | CSKH 24/7 | @https://secure.livechatinc.com/licence/18964705/v2/open_chat.cgi | https://t.me/giftk88 | N PHI | https://ln.run/TK88-CODE | g0iJ | 9`K8% | taH`,965
3561,-2152791578,2025-10-23 15:08:55,"| | | | nh v | o th | i gi | i tr | nh cao t | i kh | ng ch | am m | ng ng | n tr | ra c | i ki | m ti | k kh | ng gi | n cho c | i vi | ng tr | ng th | ng c | p: l | | ng tu | n: l | | ng th | ng VIP: l | | i vi | Thu nh | a gi | i tr | a nh | n th | i sao kh | ng b | m nay? | | | | ((dj7o | g4!TR | ^2Tn, | REV&9@s | NG K | https://ln.run/TK88-CODE | I APP | $https://app-download.tk810.com/tk99/ | CSKH 24/7 | @https://secure.livechatinc.com/licence/18964705/v2/open_chat.cgi | https://t.me/giftk88 | N PHI | https://ln.run/TK88-CODE | _TPW | Q^!I | Q^!I",764
3560,-2152791578,2025-10-23 11:57:34,"| | | M | NGAY | N TH | NG LI | N TAY ! | t ph | n th | ng h | i 1 b | n: nh | n 288K | i 2 b | n: nh | n 588K | i 3 b | n: nh | n 888K | Chia s | m vui | n th | ng t | c th | N NGAY | i thi | theo c | c sau: | c 1: Sao ch | p link chia s | ng k | i kho | c 2: B | n hoa h | ng t | ng v | ng b | i thi | ng nhi | u, th | ng c | ng l | n ti | n ngay! | Qqmb | L`c= | {To, | ?unY | 3p$n1 | Er`x | NG K | https://ln.run/TK88-CODE | I APP | $https://app-download.tk810.com/tk99/ | CSKH 24/7 | @https://secure.livechatinc.com/licence/18964705/v2/open_chat.cgi | https://t.me/giftk88 | N PHI | https://ln.run/TK88-CODE | EYV | aPXV | zm`V | ilYV | QLYW | qcPW` | https://ln.run/TK88-CODE | h{HV | xxIV",773
3559,-2152791578,2025-10-23 09:12:24,"m ph | i game | nh cao, n | i kh | ng ch | i tr | n rinh qu | p ti | mang | n chu | c ch | nh ri | ng cho t | u ti | n 2 nh | n th | c bi | t nh | n ng | u nhi | cho m | sau. | Nhanh tay | ng k | i nghi | m ngay h | m nay! | https://ln.run/TK88-code | video/mp4 | q@FA | =(QK | H^O^i_ | wDC1 | `S""X | QWNLLl | Kw6@ | demotk.mp4 | video/mp4 | t1QH | ]mf!y=y | {sE4D | w6@8 | av01 | demotk.mp4 | application/x-mpegurl | mtproto:6325620042478131334 | video/mp4 | =tf*) | t,6A\ | f=I=* | UBLLl | +U&$ | w6@8 | h264 | demotk.mp4 | application/x-mpegurl | mtproto:6325842470244457759 | Uh}` | video/mp4 | t1QH | ]mf!y=y | {sE4D | av01 | demotk.mp4 | application/x-mpegurl | mtproto:6327803483592332736 | r0hF | video/mp4 | H^O^jo | }zQET$ | QZ)2ms | h264 | demotk.mp4 | application/x-mpegurl | mtproto:6327895095244756343 | q/|9! | video/mp4 | t1QH | ]mf!y=y | {sE4D | av01 | demotk.mp4 | ""Y, FJ | application/x-mpegurl | mtproto:6325313880029403253 | video/mp4 | TR#a* | VwUq | 'tXf> | 0ce1 | h264 | demotk.mp4 | ]U8q | application/x-mpegurl | mtproto:6327987359732210540 | application/x-tgstoryboard | demotk.mp4.sb.jpg | WSh} | ,jR;1N | application/x-tgstoryboardmap | mtproto:6327798286681905105T | NG K | https://ln.run/TK88-CODE | I APP | $https://app-download.tk810.com/tk99/ | CSKH 24/7 | @https://secure.livechatinc.com/licence/18964705/v2/open_chat.cgi | https://t.me/giftk88 | N PHI | https://ln.run/TK88-CODE | K+yU",713
3558,-2152791578,2025-10-23 04:00:37,0a0e807a00420000e60d00001e37a5a21afe508000000000f545f968427f0d7a010000000f84aad8be9e97ffe601afff8266f9191a3e5f08e81e0000,-1
3557,-2152791578,2025-10-23 03:59:48,"| | | i th | ng: | i >> M | khuy | i >> Nh | : S | ng c | n Ch | p ngay c | n tr | c nh | n tr | CODE CAO NH | ng c | i kho | ng k | ngay | ng b | i nh | n th | ng h | c qu | i vi | c nhi | u may m | n, tr | ng th | ng l | ?Z*H | y+!m | .GqUf | C>d_ | ' Jy | NG K | https://ln.run/TK88-code | I APP | $https://app-download.tk810.com/tk99/ | CSKH 24/7 | @https://secure.livechatinc.com/licence/18964705/v2/open_chat.cgi | https://t.me/giftk88 | N PHI | https://ln.run/TK88-code | OaAW | %<AW | {1aU`",745
3556,-2152791578,2025-10-23 01:48:45,0a0e807a00420000e40d00001e37a5a21afe5080000000000d27f968427f0d7a000000000f84aad8be9e97ffe601afff8266f9191a3e5f08,-1
3555,-2152791578,2025-10-23 01:48:24,"| | Champions League | | 02:00 | 23/10 | | Real Madrid | Juventus | ANG LIVE T | LAYLOI.TV c | ng BLV | | m tr | chuy | ng H | I ANH EM V | IDOL : https://t.me/TK88maidinh | ng k | i kho | n : https://tk88.com/ | c anh em xem b | ng vui v | o chu | ng k | nh TK88 ngay | ng b | n si | u kinh | /8}`, | rrHQ | UPhU | qJ8% | '[qR",714
3554,-2152791578,2025-10-22 19:52:55,"| | Champions League | Real Madrid | Juventus | | 02:00 r | ng s | ng | | y 23/10 | Tr | c ti | c quy | n tr | nh livestream TK88-LAYLOI.TV c | ng BLV duy | ng pha b | ng ngh | t th | kho | nh kh | ng n | nh TK88 | Xem c | t, nh | c ch | t, rinh th | ng c | Link xem tr | c ti | ng b | nh lu | n vi | nh : https://pc.layloi.tv/ | Link k | nh s | n: https://t.me/tk88thongbao?livestream | | QSC! | EYkf | pF{sU^I | NG K | https://ln.run/TK88-CODE | I APP | $https://app-download.tk810.com/tk99/ | CSKH 24/7 | @https://secure.livechatinc.com/licence/18964705/v2/open_chat.cgi | https://t.me/giftk88 | N PHI | https://ln.run/TK88-CODE | MjAV | <aH8% | YH8%",843
1329,-1268639837,2025-10-23 08:03:46,"n ch | a bi | t anh ch | ng t | Sam Sung t | ng l | m vi | c cho Apple. | i ti | ng b | do ai | nh danh thi | ng l | ng, s | i vi | ch ho | i kho | n LinkedIn. Sau n | ng c | n quy | nh b | xem nh | https://www.facebook.com/share/p/17U6hwRB6b/?mibextid=wwXIfr | #j2team_relax // | nh: Business Insider | sEZZ | [coV | QY0,/",3281
1328,-1268639837,2025-10-20 19:33:41,"Khi AWS h | i, m | a internet b | Theo | u tra c | a AWS, nguy | n nh | i li | n quan | n vi | c ph | n gi | i DNS c | a endpoint API DynamoDB t | i US-EAST-1. | https://www.facebook.com/share/p/1ArxnTzEaw/?mibextid=wwXIfr | #j2team_news | QZJr( | N}N? | zRyg",4686
1327,-1268639837,2025-10-16 12:28:36,"ng nay tui g | i email phishing b | o ""T | NG L | NG"" cho c | ng ty. | n vi | #j2team_relax // | nh: nixCraft | U_?7iU | =j<H | [coo",7332
1326,-1268639837,2025-10-16 10:19:07,"Claude Haiku 4.5 ra m | Claude Haiku 4.5 - m | nh nh | i nh | a Anthropic | ra m | n cho t | ng. M | nh n | y mang l | i hi | u su | p tr | nh t | ng t | Claude Sonnet 4 nh | ng v | i chi ph | ng m | t ph | n ba v | Claude Haiku 4.5 th | m ch | t tr | n Sonnet 4 trong m | nhi | c bi | trong c | i nhanh nh | chat v | p tr | Anthropic g | ng k | nh, v | : Sonnet 4.5 c | chia nh | p th | nh k | ch nhi | c, sau | u ph | t nh | m nhi | u th | nh vi | n Haiku 4.5 | n th | nh c | c nhi | song song. | nh n | i qua c | nh gi | an to | cho th | nh vi kh | ng mong mu | n th | n so v | c phi | n tr | c. Claude Haiku 4.5 c | $1 cho m | i tri | u token | u ra. | https://www.facebook.com/groups/j2team.community/posts/2837340633264705/ | #j2team_news #j2team_ai | <D7F | BE2B_ | Q[""O",6272
1325,-1268639837,2025-10-15 20:29:58,"MacBook Pro M5 | Apple c | ng b | ng nay qua th | ng c | o ch | u MacBook Pro c | chip M5, b | u tr | nhanh h | ng pin l | n 24 gi | theo tuy | 1.599 USD cho chip M5 v | i CPU 10 l | GPU 10 l | i, 16GB b | SSD 512GB. | ng tr | i th | i gian ph | nh d | o ng | y 22 th | ng 10. | nh: Apple | https://www.facebook.com/share/p/17P7qH3Qfh/?mibextid=wwXIfr | #j2team_news // tin t | Theverge | 5nxW | jpr+J | uiel | ##kS | F0}: | RCk$s",5173
1324,-1268639837,2025-10-15 12:26:00,"Microsoft | Macrohard | n nghe r | t troll nh | ng Elon Musk | o ra Macrohard - | c thi | t ""c | ng ty ph | m thu | a tr | n AI"" (purely AI software company), nh | nh tranh v | i Microsoft b | ng c | ch s | ng AI | ng to | ng c | ng ty ph | n, t | coding | n qu | Musk ti | ng n | ng t | ng tri | u GPU NVIDIA, tr | nh trung t | m hu | n luy | nh AI m | nh nh | t th | ng nh | ng b | https://www.facebook.com/groups/j2team.community/posts/2836300436702058/ | #j2team_news | yWsxJ | atW,1 | 4QR1F | [co(",4958
1323,-1268639837,2025-10-14 11:58:18,"Vietnam Airlines l | n ti | ng tr | c th | ng tin b | tin t | ng m | n Haveibeenpwned n | y ki | m tra xem m | nh c | nh h | ng kh | ng nh | https://haveibeenpwned.com/ | * Have I Been Pwned? (th | ng vi | HIBP) l | t trang web mi | n ph | do chuy | n gia b | t Troy Hunt (nh | nghi | t, gi | c khu v | a Microsoft) ph | t tri | duy tr | . Trang web ra m | m 2013, v | c ti | u ch | nh l | p ng | ng ki | m tra xem | a ch | email ho | n tho | trong c | n (data breaches) hay kh | https://www.facebook.com/groups/j2team.community/posts/2835346980130737/ | #j2team_news #j2team_security | p0=3Re",5416
1322,-1268639837,2025-10-09 22:02:43,ChatGPT | i Go v | i gi | 132k/th | y ch | 18 qu | c gia v | trong | t Nam. | https://www.facebook.com/groups/j2team.community/posts/2830550673943701 | #j2team_news #j2team_ai | I7f/ | -.Ziv | Z58ih? | QYpkFW,7157
1321,-1268639837,2025-10-08 12:05:38,"Perplexity Pro FREE 12 th | ng cho ng | ng PayPal | Tin hot cho anh em m | AI: ch | n li | i kho | n PayPal, b | n ngay 1 n | m Perplexity Pro mi | n ph | (tr | $240) | https://www.facebook.com/groups/j2team.community/posts/2828985450766890/ | #j2team_news | HT1W6 | MxGt | R]q | Tzo2>} | QEC6",7435
1320,-1268639837,2025-10-08 00:04:18,NH TH | C: Sinh Vi | n Vi | t Nam | c minh v | i Google AI Pro 1 n | m MI | N PH | n sinh vi | ng k | n ngay | i nh | #j2team_news | 0W]_ | 0ip6NXrGZ | [\mL | !s6> | A=)VC | QYde,6647
1319,-1268639837,2025-10-07 20:55:18,"Qualcomm s | mua l | i Arduino | Qualcomm | ng b | mua l | ng ty ph | ng v | ngu | Arduino nh | ng s | n di | nh trong l | nh v | n to | m trong chi | a Qualcomm | ng h | n ph | nh, khi th | n tho | i th | ng minh | ang ch | ng l | c chi ti | ng v | c ti | . Arduino n | i ti | ng v | n ph | m ph | robot cho ng | am m | ng IoT doanh nghi | https://www.facebook.com/groups/j2team.community/posts/2828312704167498/ | #j2team_news | ?:iI | aWs5 | VoVm | [co#",6183
1318,-1268639837,2025-09-30 11:18:45,"p tr | nh vi | quen v | i thu | t ng | ""vibe coding"" r | i, anh ch | em v | n ph | ng c | ng chu | m quen v | i ""vibe working"" nh | Microsoft v | a ra m | t ch | ""Agent Mode"" trong Excel v | Word, cho ph | p ng | ng t | i li | ng t | nh ph | p ch | nh. Ch | ng m | nh GPT-5 v | p ng | ng kh | ng chuy | ng c | c hi | ch d | i ra, Microsoft c | ng gi | i thi | t ""Office Agent"" trong chat Copilot, c | ng t | i thuy | t tr | nh PowerPoint v | i li | u Word t | u trong chat. | Agent Mode cung c | p kh | ng l | ch v | n trong qu | nh t | i dung, gi | p cho vi | c so | n th | i li | u tr | ng t | n. Microsoft nh | nh r | ng t | nh ch | nh x | a Agent Mode trong Excel | t 57,2%, cao h | ng c | c nh | ng v | n th | n con ng | i (71,3%). | c ti | p: https://www.facebook.com/groups/j2team.community/posts/2820629401602495/ | #j2team_news",7994
1317,-1268639837,2025-09-29 23:09:49,i game R | i tr | n thanh | a ch | nh duy | Demo: https://vt.tiktok.com/ZSD7dAKbu/ | https://demian.ferrei.ro/snake | #j2team_game #j2team_relax | FM#4,7232
1316,-1268639837,2025-09-29 16:20:36,Grok Fast gi | ng x | i 2 tri | u token. | y ngh | nh c | ng cu | c tr | chuy | n ho | c nh | ng t | i li | ng b | https://www.facebook.com/groups/j2team.community/posts/2819622111703224/ | #j2team_news #j2team_ai | (W> | fQ3?,7717
1315,-1268639837,2025-09-26 21:27:39,Ngo | i model nh | ng th | Adobe | ch h | p th | m Gemini (Nano Banana) v | Flux v | o Photoshop. | i ng | i nghi | m trong b | n Beta m | i nh | t nh | https://www.facebook.com/share/p/1BdbvcsCz6/?mibextid=wwXIfr | #j2team_news #j2team_design #j2team_ai // | nh: Ph | m Qu | c Oai | OI^3 | E)l46 | QYEy,7260
1314,-1268639837,2025-09-25 23:16:56,Game th | u nhi | u tr | i nh | t tr | n Steam | t ng | ng Steam | nh ng | u ti | n tr | ng n | u 40.000 tr | i kho | a Sonix | nh c | kho | ng 642.188 USD theo m | c gi | https://www.facebook.com/share/p/17C7yyU1qB/?mibextid=wwXIfr | #j2team_news // | nh: Dexerto | 0=3N | IO;i0 | r3EH | 5)&@ | JsE3[ | [co%,7451
1313,-1268639837,2025-09-25 20:39:53,t ng | ng r | nh r | t hi | n ra ph | n ch | n gi | khi | o th | c trong iPhone kh | ng h | n. N | ng nh | trong h | dev Apple | i li | n ti | p nhi | u chu | i 0-23 gi | ng nh | ng cu | code ph | Video: https://vt.tiktok.com/ZSDVTdJyS/ | #j2team_relax | 0=)h | ECE+y | [coF,7083
1312,-1268639837,2025-09-18 12:24:32,"Google s | p mang Spotlight c | a Mac sang Windows? | Google | ang th | nghi | ng d | ng m | i tr | n Windows cho ph | p ng | ng t | m ki | p tin tr | nh, trong Google Drive v | n web. | ng d | ng n | ng v | i ph | t Alt + Space v | nh n | ng t | m ki | nh qua Lens. N | ng t | Spotlight tr | n Mac, cho ph | p ng | ng t | m ki | m qua c | t qu | , bao g | AI, h | nh, mua s | video. | ng d | ng hi | ang th | nghi | m cho ng | ng c | ng Windows 10 tr | https://www.facebook.com/groups/j2team.community/posts/2808795606119208/ | #j2team_news | [coP",9415
1311,-1268639837,2025-09-16 23:53:05,p nh | a YouTube v | Livestream | https://www.facebook.com/groups/j2team.community/posts/2807319676266801/ | #j2team_news | IFVLv | Y2{{?! | +5&C | 4QEj | [co|,8566
1310,-1268639837,2025-09-08 18:09:57,hoTin vui: J2TEAM Community | https://www.facebook.com/groups/j2team.community | #j2team_news | [co[,10989
1309,-1268639837,2025-09-06 13:00:33,"Adobe Premiere c | n mi | n ph | cho iPhone | Adobe ra m | t Premiere video editor mi | n ph | cho iPhone v | o cu | i th | ng n | y, v | i phi | n Android | ang | c ph | t tri | ng d | ng cung c | p ch | nh s | a video chuy | n nghi | i giao di | n timeline | p, h | 4K HDR, ph | ng v | t video nhanh cho TikTok, YouTube Shorts, Instagram. | nh n | ng AI nh | m thanh v | i thi | n gi | ng n | i, c | ng t | Adobe Firefly, nh | ng ng | ng c | n kh | ng d | ng n | i dung AI v | ng font, h | nh, | m thanh mi | n ph | a Adobe. | nh h | n Premiere Rush, mang l | i tr | i nghi | i Premiere Pro nh | n gi | n. S | cho l | u tr | credit AI b | sung. | https://www.facebook.com/share/p/16zzMdtANG/?mibextid=wwXIfr | #j2team_news",10477
1308,-1268639837,2025-08-27 11:55:04,"Claude for Chrome, m | n ph | Anthropic, cho ph | p AI Claude ho | ng tr | c ti | p trong tr | nh duy | Anthropic | ang th | nghi | m Claude for Chrome | p ng | ng t | ng t | ng h | c trang web. | Tuy nhi | n, vi | ng AI trong tr | nh duy | t ra nhi | u th | ch th | an to | n, nh | c cu | ng prompt injection m | ng kh | ng mong mu | n. Anthropic | c hi | n nhi | u th | nghi | t hi | ng v | tri | n khai c | c bi | n ph | m thi | i ro n | Trong giai | n th | nghi | m, Claude s | c cung c | p cho 1.000 ng | ng Max plan | u ti | thu th | p ph | i th | i thi | c bi | n ph | p an to | n. Ng | c khuy | n ngh | ng Claude cho c | c trang web | ng tin c | nh c | c th | ng tin nh | https://www.facebook.com/groups/j2team.community.official/posts/1797945357782762/ | #j2team_news #j2team_ai | %'fd} | ""(hP | jE9Q | 4=F~ | >>QS | https://claude.ai/chrome | [cod | [coq",9831
1307,-1268639837,2025-08-26 11:43:05,"Docker | nh b | cho l | ng b | t nghi | m tr | ng mang m | CVE-2025-9074, c | CVSS l | 9.3. | ng n | y cho ph | ng tho | t ra kh | i gi | t container tr | ng d | ng Docker Desktop cho Windows v | macOS, c | ng truy c | o Docker Engine m | ng c | c th | c, d | i ro chi | m quy | u khi | ng m | y ch | t container | truy c | p API c | a Docker Engine v | o ra c | c container m | i, t | ghi v | p tr | ng m | y ch | ng n | y kh | nh h | n phi | n Linux c | a Docker do c | ch th | c ho | ng kh | c nhau. B | c ph | nh trong phi | n 4.44.3 c | a Docker. | i ng | p nh | t ngay nh | https://www.facebook.com/groups/j2team.community.official/posts/1797075544536410/ | #j2team_news #j2team_security #j2team_webdev | 2})2 | T:_7- | GG$^ | g($Oid | [co/",8416
1306,-1268639837,2025-08-25 16:30:44,README Studio l | ng c | ng t | o ra nh | ng file README | ng cho trang c | n ho | c repo GitHub. | https://j2c.cc/readme-studio | https://www.facebook.com/groups/j2team.community.official/posts/1796395397937758/ | #j2team_share | 7r;b,7222
1305,-1268639837,2025-08-24 22:00:57,"YouTube th | nghi | nh n | ng t | i video cho t | i kho | n mi | n ph | t ng | ng tr | n Reddit chia s | ng hi | i video ngay c | khi d | ng t | i kho | n mi | n ph | . Tuy nhi | n, ch | ng t | i xu | ng ch | c th | p. N | u mu | n gi | i cao h | n ho | c HD, ng | ng s | ng c | i Premium. | https://www.facebook.com/groups/j2team.community.official/posts/1795784181332213/ | #j2team_news",6885
1304,-1268639837,2025-08-24 20:11:41,"Video tr | n Facebook v | Instagram c | n gi | ng c | ng d | ch sang ng | n ng | p mi | ng y nh | Meta v | a ra m | ng c | ch thu | t AI d | nh cho Facebook v | Instagram, gi | c nh | ng t | i dung d | ng ti | n kh | n gi | nh n | ng n | ng l | ng ti | ng, | ng b | nh v | thay gi | ng n | ng b | ch sang ng | n ng | c, gi | ng t | nh n | ng auto-dubbing b | n YouTube. | i, Meta m | ng Anh | ng T | y Ban Nha. | u ki | n Facebook: t | i kho | n ph | 1000 ng | i theo d | i tr | n Instagram: ch | i kho | ng khai. | ng c | ch ho | ng ngay tr | c khi | ng video. | + Xem v | duy | ch tr | c khi c | ng b | + Th | m ch | n thu | ch c | a ri | ng m | i dung. | u Meta m | ng ra nhi | u ng | n ng | c, th | t video, b | ng tri | u kh | n gi | https://www.facebook.com/groups/j2team.community.official/posts/1795707978006500/ | #j2team_news | tQEv",6535
1303,-1268639837,2025-08-20 21:59:15,"Unity 6.2 | AI gi | m game | n 6.2 | ng c | ng t | ChatGPT, gi | p tr | i, t | o code v | n (asset) trong d | i ra, phi | AI gi | o ra c | nh, | m thanh v | animation cho tr | https://www.youtube.com/watch?v=TGUjw7eezYs | https://www.facebook.com/groups/j2team.community.official/posts/1792394188337879/ | #j2team_news #j2team_ai | H\}j[ | E$k*",7748
1302,-1268639837,2025-08-20 12:39:11,"Pavel Durov - ng | ng l | p Telegram, chia s | do c | n sinh vi | c To | sinh vi | ang ch | nh v | p trung, h | y ch | n TO | N. N | n cho b | n th | i quen d | o ch | nh b | nh, bi | duy logic, ph | ch v | i quy | t ch | ng t | ng b | c theo | ng tr | nh t | nh l | ng c | ng c | ng ty v | Elon Musk: V | Pavel Durov: +1. N | i to | n, th | m ph | khoa h | nh - c | hai | ch tuy | ng to | o th | n luy | duy logic v | n bi | ng th | i gi | i quy | t nh | ng v | quan tr | https://www.facebook.com/groups/j2team.community.official/posts/1792060291704602/ | #j2team_discussion | Y2o9 | ?:r\2 | mOZd",7507
1301,-1268639837,2025-08-19 12:17:04,"PowerToys v0.93 m | i ra m | t, v | i nhi | i ti | ng ch | t bao g | 1. Command Palette: | a, gi | m 15% m | ng b | ng, 40% th | i gian t | i, v | ch th | t gi | m kho | ng 55%. M | nh n | ng m | i nh | ch s | clipboard v | c ph | t cho menu ng | 2. Giao di | n Dashboard m | c thi | ng h | n, gi | p ng | ng nhanh ch | ng th | c ti | ang b | c ph | 3. Ch | Spotlight trong Mouse Highlighter: L | nh v | t khu v | c quanh chu | t, h | ch cho vi | c chia s | 4. C | i ti | n kh | c: S | a nhi | i thi | n hi | u su | t, n | ng cao | tin c | t tri | https://devblogs.microsoft.com/commandline/powertoys-0-93-is-here-faster-command-palette-new-dashboard-ux-and-more/?utm_source=j2team_community | https://www.facebook.com/groups/j2team.community.official/posts/1791229971787634/ | #j2team_news #j2team_software | )qGzC",7358
1300,-1268639837,2025-08-18 17:01:17,"J2TEAM Text to Speech v1.1.3 | n nh | t 100K th | nh vi | n, m | nh c | m 100% b | n Pro cho 100 b | o nhanh tay nh | link cu | m thanh mi | n ph | + Th | m gi | ng m | i cho OpenAI TTS | + Th | nh n | ng h | ng d | n AI | c cho OpenAI TTS: v | ch k | ch t | nh, h | u kh | p nh | t th | n ch | y th | ng b | p nh | t. N | u ch | ng d | ng th | i: https://store.j2team.org/ | n Pro (xem tr | n nh | m): https://www.facebook.com/groups/j2team.community.official/posts/1790522735191691/ | #j2team_share | [coR | QY+p",7216
1299,-1268639837,2025-08-16 21:44:07,"n th | n tr | nh duy | ch h | n ch | n QC v | c tr | nh theo d | i ng | ng nh | ng Brave v | n chi | u ng | ng h | ng c | ch cho ph | i nh | ng extension MV2 quen thu | c nh | uBlock Origin, NoScript, uMatrix v | AdGuard. | n ch | o Settings > Extension v | https://www.facebook.com/groups/j2team.community.official/posts/1789013258675972/ | #j2team_news | x9Gm | oElc | U>&G | QA`3",7829
1298,-1268639837,2025-08-15 08:41:02,"ng bi | ang c | n hay l | do g | t nhi | nh n | ng Pro trong CapCut | ang | ng mi | n ph | ng nha! | https://www.facebook.com/groups/j2team.community.official/posts/1787600338817264/ | #j2team_news | 1-QG~Z | IFZ2 | 1ZFY | Lg<S | QYy""",8224
1297,-1268639837,2025-08-11 10:10:50,ng mi | n ph | ng Grok 4 | https://www.facebook.com/groups/j2team.community.official/posts/1784154465828518/ | #j2team_news #j2team_ai | 's)$O,10312
1296,-1268639837,2025-08-10 18:45:40,"ng h | nh Youtube, trang web, | ng d | ng, s | ch,... | luy | n nghe/n | c/vi | t ti | ng Anh. | https://j2c.cc/09d29075 | https://www.facebook.com/groups/j2team.community.official/posts/1783724355871529/ | #j2team_share | Z5q{i",9430
1295,-1268639837,2025-08-06 22:41:26,"ng th | Chrome c | ng c | nh n | c trang web nh | Edge. | ng, nh | n chu | t ph | i trang web c | c > m | c (Reading Mode) > nh | c nh | trong h | n nhi | u gi | c kh | c nhau ho | y ch | nh t | m vi | a nghe tin t | c ho | c th | i, kh | a ha. | https://vt.tiktok.com/ZSSCYWAEM/ | https://www.facebook.com/groups/j2team.community.official/posts/1780607339516564/ | #j2team_news | QZ""O",9675
1294,-1268639837,2025-08-06 11:38:40,"AWS x | i kho | n 10 n | m tu | Anh b | i nghi | m khi t | i kho | n AWS 10 n | ng c | nh b | o. M | t chu | i 20 ng | ch h | ng kh | ng hi | u qu | a AWS, d | n vi | u quan tr | ng. | c hi | n nhi | u bi | n ph | sao l | u nh | ng v | n kh | ng th | i ph | u sau khi t | i kho | nh ch | do ""v | c minh"". | https://www.seuros.com/blog/aws-deleted-my-10-year-account-without-warning/ | https://www.facebook.com/groups/j2team.community.official/posts/1780170176226947 | #j2team_webdev | IFVL | J*-; | G~?x | kD)j | |zQW | [coG",7946
1293,-1268639837,2025-08-06 10:21:45,"HOT: OpenAI v | a ra m | t 2 m | nh ng | n ng | ngu | nh d | u ti | GPT-2 n | m 2019! | + gpt-oss-120b ch | t tr | n laptop cao c | p, ngang ng | a o4-mini v | i hi | u su | nh cao (MMLU: 90.0, AIME 2025: 97.9), nh | n tr | c Mixture-of-Experts v | i 5.1B tham s | + gpt-oss-20b nh | n, ch | c tr | n tho | i, m | ra c | i cho AI c | ng th | y ph | ng v | nh tranh t | DeepSeek-R1 c | a Trung Qu | i chi | c AI c | a ch | nh ph | , gi | m ph | thu | ch v | c quy | An to | o qua c | i ki | m tra khung Preparedness, nh | ng v | n theo d | i th | https://openai.com/open-models/ | https://www.facebook.com/groups/j2team.community.official/posts/1780154196228545/ | #j2team_news #j2team_ai | l c$",6895
1292,-1268639837,2025-08-05 17:18:16,"JetBrains t | ng gi | n ph | m do l | m ph | JetBrains v | a th | ng b | ng gi | ng k | cho c | c IDE, c | ng c | .NET, dotUltimate v | n ph | m All Products, c | y 1 th | ng 10 n | m 2025. C | ng ty | ng duy tr | c gi | i trong su | t ba n | m qua, nh | ng do chi ph | ng cao do l | m ph | t, h | ng th | JetBrains cung c | i cho c | ch h | ng m | gia h | ng k | c gi | i trong m | t kho | ng th | i gian nh | nh: c | gia h | a 3 n | m, trong khi doanh nghi | gia h | a 2 n | m. M | u thanh to | n tr | c, vi | y cho ph | p ng | ng gi | c gi | i trong th | i gian d | https://blog.jetbrains.com/blog/2025/07/31/increased-subscription-pricing-for-ides-net-tools-dotultimate-and-the-all-products-pack/?utm_source=j2team_community | https://www.facebook.com/groups/j2team.community.official/posts/1779541362956495/ | #j2team_news",7253
1291,-1268639837,2025-08-04 23:13:21,"Meta ra m | t tr | ng t | tuy | n truy | n, gi | ng cao nh | n th | trang b | ng nh | n di | n 7 h | nh th | o ph | n nh | t hi | n nay, bao g | 1. L | o qua tin nh | 2. L | nh c | 3. L | 4. L | o danh | 5. L | o mua s | m tr | c tuy | 6. L | o vi | 7. L | o chi | i kho | https://vn.isthislegit.eyeyah.com/ | n th | chia s | t qu | nh lu | n nha! | https://www.facebook.com/groups/j2team.community.official/posts/1778933529683945/ | #j2team_security | fj$= | Rz#ZR | (=j= | 99\vG | zQVU",6884
1290,-1268639837,2025-08-04 20:43:30,i trang web v | m 2025 ki | u... | https://vt.tiktok.com/ZSSuF53T6/ | #j2team_relax | video/mp4 | -%<} | h264 | IMG_1331.MP4 | [coI,6748
1289,-1268639837,2025-08-03 21:54:45,"Google v | a gi | i thi | u Google Sans Code, m | t ph | ng ch | nh ri | ng cho l | p tr | nh vi | + Google fonts: https://fonts.google.com/specimen/Google+Sans+Code | + Github: https://github.com/googlefonts/googlesans-code | https://www.facebook.com/groups/j2team.community.official/posts/1778036593106972/ | #j2team_share | 2\xT | z*=+% | )7cK' | [co1",7281
1288,-1268639837,2025-08-02 19:15:01,"Proton v | a ra m | t Proton Authenticator | ng d | ng x | c th | c hai y | (2FA) mi | n ph | , an to | p, c | n tr | n nhi | ng nh | iOS, Android, macOS, Windows v | Linux. | m ch | nh bao g | ng c | ng b | t: Proton Authenticator cung c | hai cho t | i kho | n tr | c tuy | n, gi | p ng | n ch | c cu | ng chi | i kho | nh n | ng v | t tr | ng d | ng cho ph | p ng | ng b | 2FA gi | c thi | a end-to-end, h | sao l | ng v | ng nh | p/xu | ng d | ng kh | ng quy | n ki | m so | t: Ng | ng c | ng m | 2FA tr | n nhi | u thi | c gi | t thi | duy nh | t, mang l | linh ho | n so v | ng d | ng kh | + Cam k | t: Proton Authenticator l | ngu | nh b | quy | n ri | ng t | cho ng | https://proton.me/blog/authenticator-app | https://www.facebook.com/groups/j2team.community.official/posts/1777088506535114/ | #j2team_news #j2team_security | 2\pT | QY$T",7613
1287,-1268639837,2025-07-30 22:01:00,"MrBeast v | ch th | n CEO YouTube trao t | ng m | t chi | t Play | c bi | t sau khi v | t qua m | c 400 tri | u ng | i theo d | i, anh v | n gi | ng v | ng subscriber l | n nh | t tr | ng n | y, b | xa k | ng th | hai (T-Series) t | n 100 tri | u ng | i theo d | https://www.facebook.com/groups/j2team.community.official/posts/1774749983435633/ | #j2team_news | PT\%x | b4#b7 | nsIX | QS+#: | 4QMlIP | %2Ha | [cov",8727
1286,-1268639837,2025-07-28 21:18:33,"n ch | a bi | n mi | u ti | ng k | ""symbolics.com"" v | o ng | y 15 th | ng 3 n | m 1985 b | i Symbolics Inc., m | ng ty n | i ti | ng v | i vi | c ph | t tri | nh Lisp. | c quan tr | ng trong l | ch s | internet, | nh d | u trong vi | o ra h | n th | n thi | i ng | ng cho c | i nguy | ng t | n mi | n (DNS) | c ph | t tri | thay th | ng b | ng host tr | ng k | n mi | u ti | c Symbolics x | theo h | ng v | i DARPA. | n cu | m 1985, ch | n mi | ng k | , bao g | m ""cmu.edu"" v | ""mit.edu"". | https://www.facebook.com/share/p/16zRie91hT/?mibextid=wwXIfr | #j2team_news | A/g?b | BOPq | pZ@6",8997
1285,-1268639837,2025-07-23 20:15:21,"MEGA ra m | ch v | chia s | p tin Transfer | TransferIt | c thi | cung c | p tr | i nghi | m chia s | n gi | n, nhanh ch | ng v | an to | ng c | u cu | ch v | y cho ph | p ng | ng g | p tin l | ng g | p ph | i gi | ch th | c, h | i xu | ng t | c th | ng c | n ph | i gi | n tr | nh duy | TransferIt cung c | ch nh | ng th | ch t | c tr | nh duy | thi | + Kh | ng gi | ch th | p tin, cho ph | n 1 TB ho | n mi | n ph | nh n | ng chia s | c ti | p qua email m | ng c | n ng | i nh | n ph | ng k | i kho | ng s | ng m | u cu | i, TransferIt v | o an to | u theo ti | u chu | n ng | nh. Ng | ng c | ng d | ch v | ng c | i kho | n ho | ng nh | ng t | i kho | n MEGA c | ch v | n ph | cho | n ng | y 1 th | ng 1 n | m 2026, sau | n cho t | i kho | n mi | n ph | https://transfer.it | https://facebook.com/groups/j2team.community.official/posts/1769096017334363 | #j2team_share | #<QV5 | z2aN | QY$T",10239
1284,-1268639837,2025-07-18 10:59:49,"a tr | ch s | nh duy | m ra trang web h | y, n | m ki | i quan h | a tr | ch s | duy | t web c | ng c | a trang n | khai th | c nh | ng d | u ch | ng ta | i khi l | t internet | i nh | ng ng | i quen l | t web t | ng t | https://www.facebook.com/groups/j2team.community.official/posts/1764886737755291/ | #j2team_share #j2team_relax | QVOZ",10713
1283,-1268639837,2025-07-18 10:24:00,"OpenAI v | a ra m | t ChatGPT agent | nh n | ng m | a ChatGPT cho ph | c hi | n th | nh c | ng, s | ng m | ng c | phong ph | ChatGPT agent c | ng h | a nhi | i trong c | ng vi | ng trong c | c ho | ng c | n nh | ch chuy | i ho | OpenAI c | ng nh | nh r | ng kh | ng m | a ChatGPT s | i ti | n li | n nhu c | u ng | Xem b | : https://www.facebook.com/groups/j2team.community.official/posts/1764867064423925 | #j2team_news #j2team_ai | k8A%siT | dn g5m!{Z | :kbg | AECo | [co8 | [coE | QYt6{/",9750
1282,-1268639837,2025-07-12 12:36:29,"Facebook | Passkey trong tr | ng h | n ch | a bi | t ngay | sau kh | ng c | ng nh | ng m | t kh | u, gi | ng nh | p an to | ng h | n tr | c thi | di | Passkeys | c tri | n khai tr | c thi | di | ng iOS v | Android, v | ng tr | n Messenger trong th | i gian t | https://about.fb.com/news/2025/06/introducing-passkeys-facebook-easier-sign-in/ | https://www.facebook.com/groups/j2team.community.official/posts/1760187868225178/ | #j2team_news #j2team_security | k8EX | *zX | J*R9?Z*l_8 | ~g>a | TA[o' | 6G*CqE",10907
1281,-1268639837,2025-07-11 11:05:56,"cay CapCut cho m | nh n | ng th | nh Pro, ai | o ra trang n | t editor mi | n ph | OpenCut, hi | c 10k sao tr | n GitHub | https://j2c.cc/opencut-video-editor | o lu | n tr | n nh | m: https://www.facebook.com/groups/j2team.community.official/posts/1759353241641974/ | #j2team_news #j2team_software | [co) | [co6",11216
1280,-1268639837,2025-07-10 07:04:23,"Perplexity ra m | t tr | nh duy | t web AI c | Comet, nh | nh tranh v | i Google Search | Comet s | c cung c | p tr | c ti | n cho nh | ng ng | ng k | i Max c | a Perplexity v | t nh | m ng | nh n | ng n | a Comet l | ng c | m ki | m AI c | a Perplexity, cung c | t qu | m ki | m. Ngo | i ra, Comet c | Comet Assistant, m | t tr | AI t | ch h | p gi | ng h | t email v | tab. Tuy nhi | n, vi | ng tr | u ng | ng c | p quy | n truy c | ng k | i kho | Comet c | ng, nh | ng n | nh tranh m | nh m | c tr | nh duy | t kh | c nh | Google Chrome v | Safari, c | ng nh | c tr | nh duy | t AI m | i kh | https://www.facebook.com/groups/j2team.community.official/posts/1758278055082826/ | #j2team_news | a6<2 | }i3E | QY_0",10167
1279,-1268639837,2025-07-09 10:38:54,"nh n | ng ""Qu | ng k | a Gmail gi | p th | y, b | xem v | email | ng k | ng k | ng m | p chu | t. T | nh n | ng n | ang | c tri | n khai tr | n Android v | iOS | c gia | c ch | https://www.facebook.com/groups/j2team.community.official/posts/1757819791795319/ | #j2team_news | qW1AM | QS&[ | QEL[d4.( | [coZ",9546
1278,-1268639837,2025-07-07 22:48:02,OSX (macOS) inside a Docker container. | https://j2c.cc/macos-docker | https://www.facebook.com/groups/j2team.community.official/posts/1756697921907506/ | #j2team_share | EI|3* | >QMK | QKE2,8948
1277,-1268639837,2025-07-04 07:10:14,"2 m | nh s | c ra m | a xAI: Grok 4 v | Grok 4 Code | t ng | ng X | t hi | n ra c | c chu | i trong m | ngu | n xAI Console | nh m | + Grok 4: M | nh ch | i nh | tuy | i nh | a ch | ng t | i, cung c | p hi | u su | t tr | i trong ng | n ng | nhi | n, to | p lu | n, m | nh to | n di | n ho | + Grok 4 Code: M | c thi | c bi | nh ng | ng h | nh l | p tr | nh c | n. H | n ho | c nh | ng tr | c ti | o editor. | https://www.facebook.com/groups/j2team.community.official/posts/1753593928884572/ | #j2team_news #j2team_ai | ""Ke% | pV:'9E | rzRm | O97c | [co@ | [coM | QY_0",9738
1276,-1268639837,2025-07-03 13:10:05,"Veo 3 ch | nh th | i Vi | t Nam | m nay, Google ch | nh th | c tri | n khai Veo 3 | c qu | c gia n | ng d | ng Gemini | ang ho | ng, bao g | m Vi | t Nam, th | ng qua g | ng k | Google AI Pro. | https://www.facebook.com/groups/j2team.community.official/posts/1753123472264951/ | #j2team_news | 6p7t? | [co)",13523
1275,-1268639837,2025-07-01 22:33:32,"Google v | a ra m | ng d | ng mang t | n Doppl, cho ph | p ng | ng tr | c quan h | ch m | trang ph | ng nh | o tr | ng qua c | ng ngh | AI. | ng d | ng n | n tr | iOS v | Android t | . Ng | ng s | nh to | n th | nh v | sau | n trang ph | nh ho | nh ch | nghi | m. Doppl kh | ng ch | o ra h | nh m | chuy | i ch | ng th | nh video AI | ng d | ng h | nh dung. | Doppl | c ph | t tri | n nh | t ph | ng c | c ch | ng th | a Google Shopping, nh | ng cho ph | p ng | ng th | t phi | thu | a ch | nh h | Google l | ng d | ng n | ang trong giai | n th | nghi | a ho | nh x | c. Hi | i, ch | khi n | ng d | ng s | c khu v | c kh | c ngo | https://www.facebook.com/groups/j2team.community.official/posts/1751908495719782 | #j2team_news // tin t | Google Blog | E;""n | w3pH{",8708
1274,-1268639837,2025-07-01 11:43:56,"ang d | ng LetsEncrypt l | Let's Encrypt | ng b | ng D | ch v | i email nh | c nh | gia h | n ch | ng ch | SSL. | khi | n nhi | u ng | m gia h | n, d | n website b | nh duy | i SSL. | nh r | i, b | ng Certbot ho | ng c | ng gia h | n ch | ng ch | Let's Encrypt | https://certbot.eff.org/ | https://www.facebook.com/groups/j2team.community.official/posts/1751528895757742 | #j2team_news #j2team_security #j2team_webdev | =Hi 8CV | QRQ@",8311
1273,-1268639837,2025-06-25 11:06:25,0a0e807a08421000f90400001e37a5a25de89d4b000000000b56176910000000f3040000c1755b68ed38bd940b9f330a0000000015c4b51c00000000,-1
1272,-1268639837,2025-06-24 12:46:46,F@gC | 'CE5:,12439
1271,-1268639837,2025-06-24 12:46:46,#0qm | qJl# | MVz`,12129
1270,-1268639837,2025-06-24 12:46:46,MVz`,10427
1269,-1268639837,2025-06-24 12:46:46,"n nh | c minh captcha b | ng c | ch nh | n Windows+R r | n code v | t bi | n th | i tinh vi h | 1. B | i li | ng, trang web hi | n th | ng b | o nh | nh 1 | 2. B | n nh | File Explorer v | ng d | n file nh | ng d | n > nh | n Enter | 3. K | t qu | c thi m | nguy hi | y chia s | cho ng | i th | ng c | nh gi | c nh | https://www.facebook.com/groups/j2team.community.official/posts/1745834136327218/ | #j2team_security // tin t | mr.d0x | Vf3x | QE&id",9705
1268,-1268639837,2025-06-21 15:48:02,"Bill Gates v | Linus Torvalds l | p nhau | i nghi | m tuy | i nh | t trong | i khi t | i cho Bill Gates, Linus Torvalds v | David Cutler. Linus ch | ng g | p Bill, v | Dave ch | ng g | p Linus. Kh | ng c | quy | nh l | kernel | a ra, nh | ng c | i ti | p theo | https://www.facebook.com/groups/j2team.community.official/posts/1743556636554968/ | #j2team_relax // | nh: Mark Russinovich | r}+F9< | :R4q",10732
1267,-1268639837,2025-06-14 11:49:12,Tham gia nh | i nh | i ng | i: https://www.facebook.com/groups/j2team.community.official/ | #j2team_news | [co` | QY_0,13072
1266,-1268639837,2025-06-13 12:34:27,"o th | ng 6 n | m 1984, Alexey Pajitnov - nh | khoa h | nh ng | i Nga | t tri | n phi | u ti | a Tetris. | ng t | o ra tr | y tr | nh Electronika 60, l | ng t | nh pentomino. Tetris sau | nh m | t trong nh | ng tr | n nh | t tr | n th | https://www.facebook.com/groups/j2team.community/posts/2719357608396342/ | #j2team_news // | nh: 80sTees | `VU%I | QY^2",11358
131,-2438136085,2025-10-24 18:26:28,"NG L | N, TI | NG MAY M | N, PH | Y NH | Xin ch | ng h | i vi | n may m | i gi | i th | c bi | | i kho | n: | HTA***523 | Tr | i: | Ba ch | heo gi | - May m | nh c | ng r | ! | y tham gia ngay b | y gi | ng b | ng ph | n th | ng kh | ng gi | n gi | ng qu | ng tham gia, c | ng nhau mang v | t nhi | u gi | i th | ng l | n ch | i nh | Vui ch | i ng | y - Nh | n qu | n tay - Duy nh | t ch | y . H | y nhanh tay chia s | cho b | i tham gia v | n th | ng t | y nh | Y UY T | T TR | N NI | M TIN | Trang web | i APP | CSKH | Telegram | Facebook | https://tg1199.com/ | https://tg1199.com/ | https://tg1199.com/ | $https://www.i9betapp.cc/DownloadApp/ | $https://www.i9betapp.win/DownloadApp | nhttps://vue.livehelp100service.com/chatwindow.aspx?siteId=60003853&planId=1bc1214c-f8e0-4ac8-8fa6-026aca69d47e | https://t.me/i9betcom | &https://www.facebook.com/i9betcom9999/ | %https://www.facebook.com/i9betcom9999",311
130,-2438136085,2025-10-23 13:36:26,"ng | t th | ng th | nh c | c th | nh vi | n khi tham gia t | y tr | khi | m s | c ti | n th | ng theo t | ng m | ng tr | nh khuy | Khuy | ng ph | ng b | ng phong b | i kho | c th | nh vi | u ki | n nh | n th | ng v | o 13h gi | t Nam. | y tham gia ngay b | y gi | ng b | ng ph | n th | ng kh | ng gi | n gi | ng qu | ng tham gia, c | ng nhau mang v | t nhi | u gi | i th | ng l | n ch | i nh | Vui ch | i ng | y - Nh | n qu | n tay - Duy nh | t ch | y . H | y nhanh tay chia s | cho b | i tham gia v | n th | ng t | y nh | Y UY T | T TR | N NI | M TIN | Trang web | i APP | CSKH | Telegram | Facebook | .x0!F | video/mp4 | fpCu=OJ*I]7 | h264 | IMG_0209.MP4 | https://tg1199.com/ | https://tg1199.com/ | https://tg1199.com/ | https://tg1199.com/ | $https://www.i9betapp.cc/DownloadApp/ | $https://www.i9betapp.win/DownloadApp | nhttps://vue.livehelp100service.com/chatwindow.aspx?siteId=60003853&planId=1bc1214c-f8e0-4ac8-8fa6-026aca69d47e | https://t.me/i9betcom | &https://www.facebook.com/i9betcom9999/ | %https://www.facebook.com/i9betcom9999",935
129,-2438136085,2025-10-22 14:27:55,"ng t | i kho | n: [G***56] | m nay! | QUY | T CHI | N TI | N TH | ng h | n: 211,200 | ng h | i vi | n, Ch | ng t | i ph | CODE MI | N PH | , anh em nhanh tay v | o nh | C nh | Vui ch | i ng | y - Nh | n qu | n tay - Duy nh | t ch | y . H | y nhanh tay chia s | cho b | i tham gia v | n th | ng t | y nh | Y UY T | T TR | N NI | M TIN | Trang web | i APP | CSKH | Telegram | Facebook | Fr)h | ""0 w | 7qGN | https://tg1199.com/ | https://tg1199.com/ | https://tg1199.com/ | $https://www.i9betapp.cc/DownloadApp/ | $https://www.i9betapp.win/DownloadApp | nhttps://vue.livehelp100service.com/chatwindow.aspx?siteId=60003853&planId=1bc1214c-f8e0-4ac8-8fa6-026aca69d47e | https://t.me/i9betcom | &https://www.facebook.com/i9betcom9999/ | %https://www.facebook.com/i9betcom9999",1214
128,-2438136085,2025-10-21 13:01:30,"| | | Xin th | ng b | t th | ng th | nh c | ng Ph | n Th | ng B | | P TI | NG NHI | NG L | N, T | CH L | NG CAO, C | I NH | N TH | NG C | NG L | N TH | NG B | T KH | NG C | NG K | NG S | T NG | U NGHI | I KHO | Khuy | ng ph | ng v | i kho | i vi | ng s | c ph | t ng | u nhi | ng c | i gian c | nh, ti | n th | ng s | c th | m tr | c ti | i kho | n. Ti | n th | ng nh | c ti | t ti | ng c | n th | ng qua | i ra c | t nhi | u khuy | i khi tham gia t | y . | ng qu | n gi | i thi | u th | t nhi | n tham gia c | ng ch | ng t | Vui ch | i ng | y - Nh | n qu | n tay - Duy nh | t ch | y . H | y nhanh tay chia s | cho b | i tham gia v | n th | ng t | y nh | Y UY T | T TR | N NI | M TIN | Trang web | i APP | CSKH | Telegram | Facebook | video/mp4 | ,D(% | h264 | ContentStudio_video (26).mp4 | |*IW | https://tg1199.com/ | https://tg1199.com/ | https://tg1199.com/ | https://tg1199.com/ | $https://www.i9betapp.cc/DownloadApp/ | $https://www.i9betapp.win/DownloadApp | nhttps://vue.livehelp100service.com/chatwindow.aspx?siteId=60003853&planId=1bc1214c-f8e0-4ac8-8fa6-026aca69d47e | https://t.me/i9betcom | &https://www.facebook.com/i9betcom9999/ | %https://www.facebook.com/i9betcom9999",1357
127,-2438136085,2025-10-18 17:36:51,"CHUY | N XE H | NH TR | NH C | A Ch | ng t | NG L | I CON S | MAY M | N TH | NG B | NH TH | C PH | NG TH | NH C | ng gi | y ph | t ch | i cu | ng c | n TI | N TH | NG B | nh th | NG BAO c | i vi | U NHI | u hi | ng v | mong m | n , | mang | n ph | n th | ng d | nh cho c | c th | nh vi | n may m | n , h | ch c | c tham gia | c nh | ng ph | n th | ng h | ng th | c nh | n th | ng : Th | nh vi | ng nh | i kho | Bao L | m ch | n th | ng. | c qu | ch h | ng c | t ng | y tr | y may m | n, v | mang v | t nhi | u gi | i th | ng l | Chia s | ng nhau tham gia nh | n th | ng v | m th | m thu nh | p ngay th | c cho t | c th | nh vi | i gia | nh s | ng n | t nhi | u doanh thu - l | i nhu | a trong Th | y nh | Vui ch | i ng | y - Nh | n qu | n tay - Duy nh | t ch | y . H | y nhanh tay chia s | cho b | i tham gia v | n th | ng t | y nh | Y UY T | T TR | N NI | M TIN | Trang web | i APP | CSKH | Telegram | Facebook | 67TI | iXwa | *(Bn=E | 778V | t`yV | |BiW | https://tg1199.com/ | https://tg1199.com/ | https://tg1199.com/ | $https://www.i9betapp.cc/DownloadApp/ | $https://www.i9betapp.win/DownloadApp | nhttps://vue.livehelp100service.com/chatwindow.aspx?siteId=60003853&planId=1bc1214c-f8e0-4ac8-8fa6-026aca69d47e | https://t.me/i9betcom | &https://www.facebook.com/i9betcom9999/ | %https://www.facebook.com/i9betcom9999",2251
126,-2438136085,2025-10-17 17:54:06,"| | | Xin th | ng b | t th | ng th | nh c | ng Ph | n Th | ng B | | P TI | NG NHI | NG L | N, T | CH L | NG CAO, C | I NH | N TH | NG C | NG L | N TH | NG B | T KH | NG C | NG K | NG S | T NG | U NGHI | I KHO | Khuy | ng ph | ng v | i kho | i vi | ng s | c ph | t ng | u nhi | ng c | i gian c | nh, ti | n th | ng s | c th | m tr | c ti | i kho | n. Ti | n th | ng nh | c ti | t ti | ng c | n th | ng qua | i ra c | t nhi | u khuy | i khi tham gia t | y . | ng qu | n gi | i thi | u th | t nhi | n tham gia c | ng ch | ng t | Vui ch | i ng | y - Nh | n qu | n tay - Duy nh | t ch | y . H | y nhanh tay chia s | cho b | i tham gia v | n th | ng t | y nh | Y UY T | T TR | N NI | M TIN | Trang web | i APP | CSKH | Telegram | Facebook | video/mp4 | =1N]NP | OAA9< | h264 | 933win ngay 12 thang 1 5 (online-video-cutter.com) (1).mp4 | |*IW | https://tg1199.com/ | https://tg1199.com/ | https://tg1199.com/ | https://tg1199.com/ | $https://www.i9betapp.cc/DownloadApp/ | $https://www.i9betapp.win/DownloadApp | nhttps://vue.livehelp100service.com/chatwindow.aspx?siteId=60003853&planId=1bc1214c-f8e0-4ac8-8fa6-026aca69d47e | https://t.me/i9betcom | &https://www.facebook.com/i9betcom9999/ | %https://www.facebook.com/i9betcom9999",2405
125,-2438136085,2025-10-04 11:00:04,"a ch | n nhi | u nh | i, nh | ng n | u ban | a ch | t ni | m tin, th | ng bao gi | n th | i vi | n khi tham gia t | i nh | n th | ng ng | u nhi | n 1 | o ng | ng th | ng. Ng | i th | ng s | mang | n cho b | n nh | i si | u kh | ng & si | t ng | C BI | T : Trong th | ng c | 3 ng | I VI | | 0 | 1 | | 2 | y theo d | n nh | n nh | Vui ch | i ng | y - Nh | n qu | n tay - Duy nh | t ch | y . H | y nhanh tay chia s | cho b | i tham gia v | n th | ng t | y nh | Y UY T | T TR | N NI | M TIN | Trang web | i APP | CSKH | Telegram | Facebook | video/mp4 | ^ HUo | ^E][ | lwH@8 | %1204(5) (online-video-cutter.com).mp4 | https://tg1199.com/ | %`pV | https://tg1199.com/ | https://www.675789.com/ | https://tg1199.com/ | https://tg1199.com/ | https://tg1199.com/ | $https://www.i9betapp.cc/DownloadApp/ | $https://www.i9betapp.win/DownloadApp | nhttps://vue.livehelp100service.com/chatwindow.aspx?siteId=60003853&planId=1bc1214c-f8e0-4ac8-8fa6-026aca69d47e | https://t.me/i9betcom | &https://www.facebook.com/i9betcom9999/ | %https://www.facebook.com/i9betcom9999",6214
124,-2438136085,2025-10-02 10:46:55,THAM GIA | NG H | NG SAY | N NGAY QU | | n th | ng TH | CH TH | C CH | I TH | THAO M | I NG | Y nh | n ngay ti | n th | ng l | ng nhi | u th | ng c | ng cao | n th | ng cao nh | n 129.360.000 VND | i gian ph | t th | ng v | o 13h h | ng ng | Nhanh tay | ng nh | n th | i th | c qu | ch vui l | ng li | CSKH tr | c tuy | NH M | I QU | CH H | NG NH | I KHO | O BAO L | N TH | Y UY T | T TR | N NI | M TIN | Trang web | i APP | CSKH | Telegram | Facebook | t nhi | u ph | n th | ng si | ang ch | n. H | m ngay v | nh l | y ngay th | i. Xin k | nh ch | i may m | n ti | p theo | c vinh danh tr | ng v | B~\d~T | ry8j | oNH4TrH | sE?xVLj | )G1I | )G1I | hZqW | https://tg1199.com/ | $https://www.i9betapp.cc/DownloadApp/ | $https://www.i9betapp.win/DownloadApp | nhttps://vue.livehelp100service.com/chatwindow.aspx?siteId=60003853&planId=1bc1214c-f8e0-4ac8-8fa6-026aca69d47e | https://t.me/i9betcom | &https://www.facebook.com/i9betcom9999/ | %https://www.facebook.com/i9betcom9999 | https://tg1199.com/,5730
123,-2438136085,2025-09-30 13:27:08,"NG B | O PH | T TH | NG TH | NH C | NG H | NG BAO M | I NG | ng b | n ch | i gi | i tr | nh cao v | ng c | c tr | ng nhi | n. Qu | ch h | ng tham gia | i ng | i nh | n th | ng m | i ng | i nh | ng h | ng bao | u gi | , ph | n th | c trao | n nh | ng kh | ch h | ng may m | ng. | i qu | ng nh | i kho | n , | n ch | n "" Bao L | n th | n ch | i gi | i tr | mang | n cho qu | ch h | ng nh | ng tr | i nghi | tho | i nh | n ch | NG K | NGAY h | m nay | ng b | .!!! | Trang web | i APP | CSKH | Telegram | Facebook | video/mp4 | *}N) | )%gX | '4P""X/ | h264 | &0403(15) (online-video-cutter.com).mp4 | Z. V | +z0V | https://tg1199.com/ | https://tg1199.com/ | https://tg1199.com/ | $https://www.i9betapp.cc/DownloadApp/ | $https://www.i9betapp.win/DownloadApp | nhttps://vue.livehelp100service.com/chatwindow.aspx?siteId=60003853&planId=1bc1214c-f8e0-4ac8-8fa6-026aca69d47e | https://t.me/i9betcom | &https://www.facebook.com/i9betcom9999/ | %https://www.facebook.com/i9betcom9999",4725
122,-2438136085,2025-09-28 13:17:14,"cao th | cda***55 | may m | n th | ng l | | Kho B | u Aztec | i lu | t nhi | u gi | i th | ng h | ang ch | ng qu | n chia s | xung quanh | ng nhau s | n nh | ng ph | n th | ng b | t ng | Trang web | i APP | CSKH | Telegram | Facebook | video/mp4 | V,P< | #E)Vl | 9 D.w/ | DnWEJ( | QEld | h264 | (aztec n lg (online-video-cutter.com).mp4 | +z0V | https://tg1199.com/ | https://tg1199.com/ | https://tg1199.com/ | https://tg1199.com/ | $https://www.i9betapp.cc/DownloadApp/ | $https://www.i9betapp.win/DownloadApp | nhttps://vue.livehelp100service.com/chatwindow.aspx?siteId=60003853&planId=1bc1214c-f8e0-4ac8-8fa6-026aca69d47e | https://t.me/i9betcom | &https://www.facebook.com/i9betcom9999/ | %https://www.facebook.com/i9betcom9999",4875
121,-2438136085,2025-09-25 11:07:11,"VIP999 | CH LU | I TU | N_ T | nh vi | y khi tham gia | c tr | , th | 7 ch | i 500 | C TRONG NG | n th | ng b | n nh | c cao nh | ng ng | n ch | ng tr | nh khuy | ang ch | i Qu | i vi | n. Nhanh tay tham gia | c nhi | n th | ng t | ch lu | ng cao th | 7 ch | t m | i tu | Trang web | i APP | CSKH | Telegram | Facebook | V)[y gom | Uzu8 | 6@gtR$L | AoSX | DN~Q | TF>f | QE+ | https://tg1199.com/ | https://tg1199.com/ | PnxT | X?qT | https://tg1199.com/ | $https://www.i9betapp.cc/DownloadApp/ | $https://www.i9betapp.win/DownloadApp | nhttps://vue.livehelp100service.com/chatwindow.aspx?siteId=60003853&planId=1bc1214c-f8e0-4ac8-8fa6-026aca69d47e | https://t.me/i9betcom | &https://www.facebook.com/i9betcom9999/ | %https://www.facebook.com/i9betcom9999",5623
120,-2438136085,2025-09-23 15:21:08,"KHUY | I : VIP*** CH | I CASINO - TH | NG LI | N TI | P - TH | NG KH | NG KHI | Chia s | m vui v | ng th | m may m | n khi b | n c | chu | i th | ng li | n ti | p CASINO t | n tr | i nh | n th | ng l | ng k | tham gia ngay t | i nghi | m nh | ng ph | t gi | y gi | i tr | tuy | mang v | cho m | nh nh | ng ph | n qu | ng c | T TR | N NI | M TIN | Trang web | i APP | CSKH | Telegram | Facebook | video/mp4 | ""P7+ | ,Y>PNh | h264 | 15 (online-video-cutter.com).mp4 | 'MaW | https://www.tg1188.com/ | https://tg1199.com/ | $https://www.i9betapp.cc/DownloadApp/ | $https://www.i9betapp.win/DownloadApp | nhttps://vue.livehelp100service.com/chatwindow.aspx?siteId=60003853&planId=1bc1214c-f8e0-4ac8-8fa6-026aca69d47e | https://t.me/i9betcom | &https://www.facebook.com/i9betcom9999/ | %https://www.facebook.com/i9betcom9999",5276
119,-2438136085,2025-09-22 14:59:12,"NG LI | C NH | N TH | NG KH | NG NG | KM: VIP99 | Tham gia c | i thi | 350 | m , th | ng li | n ti | p 10 v | n tr | n nh | n ti | n th | ng cao nh | i ra v | t nhi | nh cho t | i vi | n ph | ng nhanh tay r | ng k | tham gia ngay | ng tr | i nghi | y th | Trang web | i APP | CSKH | Telegram | Facebook | video/mp4 | heE+ | Ie*C2 | h264 | !125 (online-video-cutter.com).mp4 | wh!V | wh!V | wh!V | wh!V | wh!V | wh!V | wh!V | wh!V | wh!V | wh!V | wh!V | https://tg1199.com/ | https://925789.com/ | https://tg1199.com/ | $https://www.i9betapp.cc/DownloadApp/ | $https://www.i9betapp.win/DownloadApp | nhttps://vue.livehelp100service.com/chatwindow.aspx?siteId=60003853&planId=1bc1214c-f8e0-4ac8-8fa6-026aca69d47e | https://t.me/i9betcom | &https://www.facebook.com/i9betcom9999/ | %https://www.facebook.com/i9betcom9999",4488
118,-2438136085,2025-09-19 17:35:58,"| N | P TI | N LI | N TAY - RINH NGAY SI | U TH | | 1 kh | u thu | i, h | n ngay v | tham gia ch | ng tr | nh khuy | u kh | | VIP5555 | | | i vi | p ti | n ngay l | khi tham gia | ngay | n khuy | t nhi | u ph | n th | ng si | n, nhanh tay | ng k | ng qu | n gi | i thi | u cho b | ng tham gia tr | i nghi | rinh th | t nhi | u qu | ng v | Trang web | i APP | CSKH | Telegram | Facebook | video/mp4 | ZYc1 | 7E]z | }?5^ | h264 | ""0206 (online-video-cutter.com).mp4 | https://tg1199.com/ | )G1I | )G1I | https://tg1199.com/ | $https://www.i9betapp.cc/DownloadApp/ | $https://www.i9betapp.win/DownloadApp | nhttps://vue.livehelp100service.com/chatwindow.aspx?siteId=60003853&planId=1bc1214c-f8e0-4ac8-8fa6-026aca69d47e | https://t.me/i9betcom | &https://www.facebook.com/i9betcom9999/ | %https://www.facebook.com/i9betcom9999",4856
117,-2438136085,2025-09-16 11:55:28,"[B | I FC | - CH | NG N | I 2] | t tr | m th | ng b | ng n | click | i trong t | ch t | m nay , t | i FC | , bi | t danh | | tt**ad | ghi danh v | n ni | khi k | ch ho | t 13 l | t quay FREE GAMES li | x3! | 13 v | ng quay, t | ng bi | ng s | o hi | n nh | p tr | nh tr | i.. 9 | m th | ch n | nh quay s | c ghi l | ng th | ng li | n ti | n di | n kh | ng ng | ng lo | t chi | n th | ng tr | ng l | n, b | t ng | y huy | y kh | ng ph | i may m | nh m | c ch | n th | sao? D | nh m | o FC | ng N | i 2 v | ra h | nh tr | nh c | a ch | nh b | ng quay v | ang ch | u, t | n ng | c ghi l | Trang web | i APP | CSKH | Telegram | Facebook | YEHVS | $/?(/ | nO_Z | Fd?Z | :AV' | https://tg1199.com/q | https://tg1199.com/ | $https://www.i9betapp.cc/DownloadApp/ | $https://www.i9betapp.win/DownloadApp | nhttps://vue.livehelp100service.com/chatwindow.aspx?siteId=60003853&planId=1bc1214c-f8e0-4ac8-8fa6-026aca69d47e | https://t.me/i9betcom | &https://www.facebook.com/i9betcom9999/ | %https://www.facebook.com/i9betcom9999",5191
116,-2438136085,2025-09-12 12:55:21,"| Xin ch | ng qu | i vi | Dy****83 | n tr | ng c | NG t | Tr | i: Th | nh ph | ng Maya 3 | Th | ng l | n: 66,600 | i Ch | ng t | i , nh | ng chi | n th | ng c | c kh | ng nh | y kh | ng c | u qu | xa l | Trang web | i APP | CSKH | Telegram | Facebook | bF0?**C | C00S | https://tg1199.com/ | https://tg1199.com/ | $https://www.i9betapp.cc/DownloadApp/ | $https://www.i9betapp.win/DownloadApp | nhttps://vue.livehelp100service.com/chatwindow.aspx?siteId=60003853&planId=1bc1214c-f8e0-4ac8-8fa6-026aca69d47e | https://t.me/i9betcom | &https://www.facebook.com/i9betcom9999/ | %https://www.facebook.com/i9betcom9999",5434
115,-2438136085,2025-09-11 15:10:02,i thi | : <T | y> nh | n ngay | NG C | NG GI | I TR | Code s | t th | ng h | ng gi | u nhi | n tr | nh tin t | c . H | ng nhau tham gia v | n code m | i ng | Trang web | i APP | CSKH | Telegram | Facebook | %]nS | video/mp4 | [*QWR$% | ffffff%@8 | h264 | nh g | i xinh.mp4 | https://www.tg1188.com/ | EF(K | https://tg1199.com/ | $https://www.i9betapp.cc/DownloadApp/ | $https://www.i9betapp.win/DownloadApp | nhttps://vue.livehelp100service.com/chatwindow.aspx?siteId=60003853&planId=1bc1214c-f8e0-4ac8-8fa6-026aca69d47e | https://t.me/i9betcom | &https://www.facebook.com/i9betcom9999/ | %https://www.facebook.com/i9betcom9999,5192
114,-2438136085,2025-08-26 13:13:22,"U TH | NG T | NG TH | NG TR | PHUN TR | O KH | NG GI | N | | NH CHO H | I VI | c th | nh vi | i ng | ch l | 100K tr | n ho | n th | nh 1 v | ng c | c trong game [ N | - B | tham gia | ch n | p ti | n 39.999.000VND. | ch kh | ng gi | i tham gia,h | y gi | i thi | ng chia s | m vui n | video/mp4 | r3EE | h264 | IMG_0133.MP4 | Trang Ch | https://tg1199.com/ | Khuy | https://tg1199.com/ | https://tg1199.com/ | CSKH 24/7 | https://tg1199.com/ | i APP | $https://www.i9betapp.win/DownloadApp | @uHU | S !U",11962
113,-2438136085,2025-08-23 16:07:38,"| M | u ti | n th | ng s | c ph | i ng | khuy | i: LX01 | ng nh | i ng | y , t | ch c | c tham gia c | nh B | , N | & GAME B | i vi | i nh | c ti | n th | ng si | ng t | ng cao t | n th | ng c | ng l | n kh | ng gi | 9>oJ | 3t`9 | ^Py9' | &Ue | j)Zb | #ND"" | Trang Ch | https://tg1199.com/ | Khuy | https://tg1199.com/ | https://tg1199.com/ | CSKH 24/7 | https://tg1199.com/ | i APP | $https://www.i9betapp.win/DownloadApp | Q^!I | Q^!I | Q^!I | cD!K | Q^!I | https://www.tg1188.com/ | https://tg1199.com/",12165
112,-2438136085,2025-08-21 16:47:12,"NG | khuy | i: TN02 | nh n | p ti | ng 1 | | NG TY G | I TI | nh n | p ti | ng 0 | MOMO PAY - ZALO PAY - TH | O - CHUY | N KHO | N NG | NG - QU | NG - VIETELPAY - USDT | H | ng nh | p ngay | m ph | ng khi tham gia n | p ti | ng T | I . | ng b | i ng | y nh | video/mp4 | -d(T& | tWd, | =Gz( | *Bw. | yn#KX | F6xr0{ | Qx*@ | h264 | IMG_8171.MP4 | Trang Ch | https://tg1199.com/ | Khuy | https://tg1199.com/ | https://tg1199.com/ | CSKH 24/7 | https://tg1199.com/ | i APP | $https://www.i9betapp.win/DownloadApp | 9'aJ | https://tg1199.com/",9975
95,-2149364045,2025-04-20 21:42:32,eh{K | t~TP | $aKg | 4TBGa | 4QEQ,117318
95,-2386606291,2025-04-20 21:43:47,*U^JN | t~TP | $aKg | 4TBGa | 4QEQ,56995
94,-2149364045,2025-04-20 21:42:32,9jH-q | &rw{t | o`;T,116954
94,-2386606291,2025-04-20 21:43:47,.~3r | &rw{t | o`;T,56803
93,-2149364045,2025-04-20 21:42:32,"CH V | CA VE TO | N QU | u ph | m - Si | u Baby | n : Anh Th | - Tu | i : 19 | o 3 v | ng : 89 - 59 - 92 | ng : 47kg - Cao : 1M65 | Xinh t | i , Tr | p , Sinh vi | ng chu | i,Tu | i 18+ | | m ti | nh 69,Chi | u chu | n,Bao | , Vui l | ng anh | n & H | ng anh v | v,,,,, v | ch V | n em lu | n lu | p nh | i,tr | Xinh,chu | n nh | n 30 tu | c anh y | 50% | o Link b | N.V CSKH | a ch | xinh | https://t.me.gaivip.info",164274
93,-2386606291,2025-04-20 21:43:47,"CH V | CA VE TO | N QU | u ph | m - Si | u Baby | n : Anh Th | - Tu | i : 19 | o 3 v | ng : 89 - 59 - 92 | ng : 47kg - Cao : 1M65 | Xinh t | i , Tr | p , Sinh vi | ng chu | i,Tu | i 18+ | | m ti | nh 69,Chi | u chu | n,Bao | , Vui l | ng anh | n & H | ng anh v | v,,,,, v | ch V | n em lu | n lu | p nh | i,tr | Xinh,chu | n nh | n 30 tu | c anh y | 50% | o Link b | N.V CSKH | a ch | xinh | https://t.me.gaivip.info | 1hEl",64326
92,-2149364045,2025-04-11 18:58:22,"9uq> | "",2q | 5lyC | C`o2C | 4QLD_b",104189
92,-2386606291,2025-04-11 18:58:22,5lyC | C`o2C | 4QLD_b,50180
91,-2149364045,2025-04-11 18:58:22,[JSN | HeDRJ | C/`) | AE.G,104312
91,-2386606291,2025-04-11 18:58:22,HeDRJ | C/`) | AE.G,50228
90,-2149364045,2025-04-11 18:58:22,"CH V | N 63 TO | N QU | I 18+_ SINH VI | N _CAO C | NH_T | Em l | Minh Khu | ang ph | i nh | m GIRLVIP | Minh Khu | ng n | t ng | o & | t tr | n xoe | ng ng | ng t | Da d | ngon l | nh kh | i ph | i ch | Minh Khu | nh l | i cho A | Em th | ng th | c em | ng l | nh th | ng th | o dai,s | n ch | c khi | o cu | i th | AE kh | ng th | y ch | i th | nh vui v | | VUI V | _NHI | NH_H | 50% | n : Minh Khu | - Tu | i : 20 | Cao : 1M65 - N | ng : 46kg | o 3 V | ng : 88 _ 59 _ 90 | o Link b | N.V CSKH | a ch | xinh. | https://t.me.gaivip.info | L'=: | QLDfB | $pPI | `mpK",97316
90,-2386606291,2025-04-11 18:58:22,"CH V | N 63 TO | N QU | I 18+_ SINH VI | N _CAO C | NH_T | Em l | Minh Khu | ang ph | i nh | m GIRLVIP | Minh Khu | ng n | t ng | o & | t tr | n xoe | ng ng | ng t | Da d | ngon l | nh kh | i ph | i ch | Minh Khu | nh l | i cho A | Em th | ng th | c em | ng l | nh th | ng th | o dai,s | n ch | c khi | o cu | i th | AE kh | ng th | y ch | i th | nh vui v | | VUI V | _NHI | NH_H | 50% | n : Minh Khu | - Tu | i : 20 | Cao : 1M65 - N | ng : 46kg | o 3 V | ng : 88 _ 59 _ 90 | o Link b | N.V CSKH | a ch | xinh. | https://t.me.gaivip.info | L'=: | QLDfB | $pPI | `mpK",46689
89,-2149364045,2025-04-08 18:39:06,c8ce15980046020000000000590000001e37a5a24db11c8000000000da0af56700000000d750516901000000657a19fb00000000c8c7311b582da8570803ad0b060fc693210500000000801cb14d0000005968fbd73947c46e1fbd6b03a8fd990ee078664ba5000030f8f46715c4b51c040000002ebcb0e001690000980128209bc96232149a66ca70ba4078cd0d769d4ff2ad798cb9466ca724609c1ce7b629bf6a4232ab91482739fb94390288c5209c312bee6a37cb3058fe66cf1ef4fda791d69855170643c6...,79613
89,-2386606291,2025-04-08 18:39:35,c8ce15980046020000000000590000001e37a5a2d3b8408e00000000f70af56700000000d750516901000000657a19fb00000000c8c7311b582da8570803ad0b060fc6932105000000008e40b8d30000005968fbd596ded926efb3f4e368cead77e2ec1c0f6f000030f8f46715c4b51c040000002ebcb0e001690000980128209bc96232149a66ca70ba4078cd0d769d4ff2ad798cb9466ca724609c1ce7b629bf6a4232ab91482739fb94390288c5209c312bee6a37cb3058fe66cf1ef4fda791d69855170643c6...,38600
88,-2149364045,2025-04-08 18:39:06,CH V | I TO | N QU | I 18+ - SINH VI | N- CAO C | n : Ho | ng H | - Tu | i : 19 | ng : 47kg - Cao : 1M65 | o 3 v | ng : 89 _ 59 _ 92 | | c A E | ng d | g ta -B | n Ho | ng H | c xinh & c | m em hi | i nh | m GRILVIP E | nhi | u kinh nghi | m ho | Trog m | ch v | nh l | A em c | ang t | m ki | i ngoan th | E n | y chu | c ch | m lu | n nh | Ah Em | 50% | o Link b | N.V CSKH | a ch | xinh | https://t.me.gaivip.info | [)vQ | Tbr3 | n1!0,85466
88,-2386606291,2025-04-08 18:39:35,CH V | I TO | N QU | I 18+ - SINH VI | N- CAO C | n : Ho | ng H | - Tu | i : 19 | ng : 47kg - Cao : 1M65 | o 3 v | ng : 89 _ 59 _ 92 | | c A E | ng d | g ta -B | n Ho | ng H | c xinh & c | m em hi | i nh | m GRILVIP E | nhi | u kinh nghi | m ho | Trog m | ch v | nh l | A em c | ang t | m ki | i ngoan th | E n | y chu | c ch | m lu | n nh | Ah Em | 50% | o Link b | N.V CSKH | a ch | xinh | https://t.me.gaivip.info | [)vQ | Tbr3 | n1!0,40887
87,-2149364045,2025-04-06 15:23:46,9*S+,64718
87,-2386606291,2025-04-06 15:25:48,aV4Y,31666
86,-2149364045,2025-04-06 15:23:46,~VF$zRi | 'oB(,65151
86,-2386606291,2025-04-06 15:25:48,~VF$zRi | 'oB(,31869
85,-2149364045,2025-04-06 15:23:46,"| CAVE TR | N -63- T | NH TH | NH _UY T | N_ AN TO | CH V | ch V | ng,ch | ng,t | m ti | i 18+ ,l | nh 69, | u chu | n ,b | n em lu | ng to,ng | c tr | 18 | n 30 c | c A | | n : An Huy | n - Tu | i : 21 | ng : 47kg - Cao : 1M64 | o 3 v | ng : 89 _ 59 _ 92 | 50% | o Link b | N.V CSKH | a ch | xinh | https://t.me.gaivip.info | .I/G | qM^c | $J>O | p@=sVRF | V6,T6 | 1hUN",71895
85,-2386606291,2025-04-06 15:25:48,"| CAVE TR | N -63- T | NH TH | NH _UY T | N_ AN TO | CH V | ch V | ng,ch | ng,t | m ti | i 18+ ,l | nh 69, | u chu | n ,b | n em lu | ng to,ng | c tr | 18 | n 30 c | c A | | n : An Huy | n - Tu | i : 21 | ng : 47kg - Cao : 1M64 | o 3 v | ng : 89 _ 59 _ 92 | 50% | o Link b | N.V CSKH | a ch | xinh | https://t.me.gaivip.info | .I/G | qM^c | $J>O | p@=sVRF | V6,T6",34547
84,-2149364045,2025-03-30 20:29:51,"CH V | I NGH | NH,CAVE | UY T | N _ ANTO | N _ T | Em D | ng d | ng th | t Massage | i Bj | i, th | n , v | m ti | i 18+,L | 69,Chi | u chu | ng h | c anh ch | n qu | n qu | ng th | i ........ | 50% | i CLB b | n Em to | Em c | c xinh t | trung cao c | p nhi | nh chu | o, h | n ph | c A t | nh h | nh s | cho c | c Anh | m gi | n kh | g mu | N TR | N 63 T | NH TH | VUI V | o Link b | N.V CSKH | a ch | xinh | https://t.me.gaivip.info | HWta | video/mp4 | niV( | %6n%3 | h264 | 3.mp4 | s+hJ",57817
84,-2386606291,2025-03-30 20:32:24,"CH V | I NGH | NH,CAVE | UY T | N _ ANTO | N _ T | Em D | ng d | ng th | t Massage | i Bj | i, th | n , v | m ti | i 18+,L | 69,Chi | u chu | ng h | c anh ch | n qu | n qu | ng th | i ........ | 50% | i CLB b | n Em to | Em c | c xinh t | trung cao c | p nhi | nh chu | o, h | n ph | c A t | nh h | nh s | cho c | c Anh | m gi | n kh | g mu | N TR | N 63 T | NH TH | VUI V | o Link b | N.V CSKH | a ch | xinh | https://t.me.gaivip.info | HWta | ,`Pb: | video/mp4 | niV( | %6n%3 | h264 | 3.mp4 | s+hJ",27592
83,-2149364045,2025-03-28 21:42:27,<7S} | =*FL,40236
83,-2386606291,2025-03-28 21:43:05,=*FL,19671
82,-2149364045,2025-03-28 21:42:27,"| CH V | 63 T | NH TH | I QU | ,SINH VI | N,CAO C | u Baby - Si | ng Y | n : Di | nh - Tu | i : 20 | Cao : 1m64 - N | ng : 47kg | o 3 V | ng : 89_ 58_ 91 | | CH V | : T | m chung - B | Massage -H | i -V | nh 69- | 18+ - N | c b | t khi | m ..... | NHI | VUI V | 50% | o Link b | N.V CSKH | a ch | xinh | https://t.me.gaivip.info | 95#- | gOk% | c=Mej2 | U2GHB* | >X H | >X H",47623
82,-2386606291,2025-03-28 21:43:05,"| CH V | 63 T | NH TH | I QU | ,SINH VI | N,CAO C | u Baby - Si | ng Y | n : Di | nh - Tu | i : 20 | Cao : 1m64 - N | ng : 47kg | o 3 V | ng : 89_ 58_ 91 | | CH V | : T | m chung - B | Massage -H | i -V | nh 69- | 18+ - N | c b | t khi | m ..... | NHI | VUI V | 50% | o Link b | N.V CSKH | a ch | xinh | https://t.me.gaivip.info | 95#- | gOk% | c=Mej2 | U2GHB* | >X H | >X H",22684
81,-2149364045,2025-03-27 15:20:22,"{(Wz | ,Omt' | 5nA! | r1EL | *JG`",34710
81,-2386606291,2025-03-27 15:20:59,"{(Wz | ,Omt' | 5nA! | r1EL | *JG`",17178
80,-2149364045,2025-03-27 15:20:22,{(Wt | QLEp,54036
80,-2386606291,2025-03-27 15:20:59,{(Wt | QLEp,26716
79,-2149364045,2025-03-27 15:20:22,"CH V | I_ CAO C | UY T | N _ AN TO | N _ T | N TR | N 63 T | NH TH | u Baby - Si | ng Y | n : Qu | nh H | n - Tu | i : 19 | o 3 V | ng : 89 _ 58 _ 91 | ng : 46kg - Cao : 1m63 | CH V | : Massage, | Bj,Ch | i,Th | m ti | i 18+ ,L | 69,Chi | u chu | c A h | u th | E ch | u A | CLB B | n E lu | p nh | i tr | p xinh t | 18 | 30 n | c A | u nhanh , | i tour ,Qua | NHI | VUI V | o Link b | N.V CSKH | a ch | xinh | https://t.me.gaivip.info | {(Wu | ~uWP | OSN0 | 4QLD` | QRQ`",35379
79,-2386606291,2025-03-27 15:20:59,"CH V | I_ CAO C | UY T | N _ AN TO | N _ T | N TR | N 63 T | NH TH | u Baby - Si | ng Y | n : Qu | nh H | n - Tu | i : 19 | o 3 V | ng : 89 _ 58 _ 91 | ng : 46kg - Cao : 1m63 | CH V | : Massage, | Bj,Ch | i,Th | m ti | i 18+ ,L | 69,Chi | u chu | c A h | u th | E ch | u A | CLB B | n E lu | p nh | i tr | p xinh t | 18 | 30 n | c A | u nhanh , | i tour ,Qua | NHI | VUI V | o Link b | N.V CSKH | a ch | xinh | https://t.me.gaivip.info | {(Wu | ~uWP | OSN0 | 4QLD` | QRQ`",17527
78,-2149364045,2025-03-24 20:41:53,"4M,v | yBwc",27090
78,-2386606291,2025-03-24 20:56:48,"4M,v | yBwc",13561
77,-2149364045,2025-03-24 20:41:53,"CH V | CAVE TO | N QU | I 18+ _SINH VI | N_CAO C | NH_T | u Baby - Si | ng Y | n : Ki | u Tr | n - Tu | i : 20 | Cao : 1m63 - N | ng : 46kg | o 3 V | ng : 88 _ 58 _ 90 | | nhi | u ki | u ph | c anh | vui v | tho | i & | c bi | c tuy | n ch | n kh | c nhau | n ng | nh ngh | o r | chuy | n nghi | : Massage ,H | h 69,v | ng,Ch | i tr | u chu | n c | c anh | XXX........kh | ng gi | 50% | o Link b | N.V CSKH | a ch | xinh | https://t.me.gaivip.info | W}R | {p0= | g)q,l | dUHK",28210
77,-2386606291,2025-03-24 20:56:48,"CH V | CAVE TO | N QU | I 18+ _SINH VI | N_CAO C | NH_T | u Baby - Si | ng Y | n : Ki | u Tr | n - Tu | i : 20 | Cao : 1m63 - N | ng : 46kg | o 3 V | ng : 88 _ 58 _ 90 | | nhi | u ki | u ph | c anh | vui v | tho | i & | c bi | c tuy | n ch | n kh | c nhau | n ng | nh ngh | o r | chuy | n nghi | : Massage ,H | h 69,v | ng,Ch | i tr | u chu | n c | c anh | XXX........kh | ng gi | 50% | o Link b | N.V CSKH | a ch | xinh | https://t.me.gaivip.info | W}R | cZof | {p0= | g)q,l | dUHK | 1he9R",14052
76,-2149364045,2025-03-22 23:40:12,"CH V | N 63 TO | N QU | I 18+_ SINH VI | N_ CAO C | NH_ T | Em l | an Thanh hi | ang ph | i nh | m GirlVip | an Thanh c | ng n | t ng | o & | t tr | n xoe | ng ng | ng t | da d | ngon l | nh kh | i ph | i ch | u,Thanh | nh l | i cho Anh | Em th | ng th | c em | y s | ng l | nh th | ng th | ng c | o dai & s | n ch | khi | o cu | i th | Anh Em | g th | ng l | y ch | i th | 50% | n : | an Thanh - Tu | i : 19 | Cao : 1M65 - N | ng : 47kg | o 3 V | ng : 88 _ 59 _ 90 | o Link b | N.V CSKH | a ch | xinh | https://t.me.gaivip.info | 4\_. | ]y$CP | }qU> | U]V= | $pPI | Wg`K | `mpK | Wg`K",53187
76,-2386606291,2025-03-22 23:42:15,"CH V | N 63 TO | N QU | I 18+_ SINH VI | N_ CAO C | NH_ T | Em l | an Thanh hi | ang ph | i nh | m GirlVip | an Thanh c | ng n | t ng | o & | t tr | n xoe | ng ng | ng t | da d | ngon l | nh kh | i ph | i ch | u,Thanh | nh l | i cho Anh | Em th | ng th | c em | y s | ng l | nh th | ng th | ng c | o dai & s | n ch | khi | o cu | i th | Anh Em | g th | ng l | y ch | i th | 50% | n : | an Thanh - Tu | i : 19 | Cao : 1M65 - N | ng : 47kg | o 3 V | ng : 88 _ 59 _ 90 | o Link b | N.V CSKH | a ch | xinh | https://t.me.gaivip.info | 4\_. | }qU> | U]V= | $pPI | Wg`K | `mpK | Wg`K",26273
46,1618512706,2025-10-25 03:43:51,Chuc ban ngay moi tot lanh,-1
45,1618512706,2025-10-25 03:43:42,Sai gon hom nay lanh nhi,-1
44,1618512706,2025-10-25 03:43:36,Ban khoe chu,-1
43,1618512706,2025-10-25 03:43:32,Xin chao,-1
40,1618512706,2025-10-25 03:27:24,0a0e807a020100002800000022175159aeb3a8f20100000022175159428b7860000000002ce1fb6804b6ba9f,-1
36,-4942177551,2025-10-25 03:08:23,hello,-1
35,-4942177551,2025-10-25 03:08:18,0a0e807a000300002300000022175159428b7860000000009a01c6360fa5932601000000b2dcfb68c32412033816d94000000000,-1
34,-4942177551,2025-10-25 02:57:37,Bay gio la 3h,-1
33,-4942177551,2025-10-25 02:44:27,Tuan and Tu,-1
29,5551152042,2025-10-24 20:55:45,Hom nay la ngay 24 thang 10,-1
28,5551152042,2025-10-24 20:55:39,Bay gio la 20h55,-1
27,5551152042,2025-10-24 20:55:29,Troi hom nay dep qua,-1
26,5551152042,2025-10-24 20:55:25,Chao nguyen tuan tu,-1
23,5551152042,2025-10-24 19:46:39,Bay gio la 19h46,-1
22,5551152042,2025-10-24 19:46:27,Sai gon nhiet do khoang 25 do c,-1
21,5551152042,2025-10-24 19:46:17,Thoi tiet hom nay co mua,-1
20,5551152042,2025-10-24 19:46:06,Hello nguyen sy the anh,-1
17,5551152042,2025-10-24 19:36:44,Nam 2025,-1
16,5551152042,2025-10-24 19:36:38,Hom nay la ngay 24 thang 10,-1
15,5551152042,2025-10-24 19:36:30,Bay gio la 19h36,-1
14,5551152042,2025-10-24 19:36:23,Troi hom nay dep qua,-1
13,5551152042,2025-10-24 19:36:15,Chao nguyen tuan tu,-1
12,5551152042,2025-10-24 19:26:39,Nam 2025,-1
11,5551152042,2025-10-24 19:26:37,Hom nay ngay 24 thang 10,-1
10,5551152042,2025-10-24 19:26:31,Bay gio la 19h30,-1
9,5551152042,2025-10-24 19:26:26,Chao nguyen tuan tu,-1
8,777000,2025-10-24 19:25:02,"Login code: 90831. Do not give this code to anyone, even if they say they are from Telegram! | This code can be used to log in to your Telegram account. We never ask it for anything else. | This code was also sent to your email tu**********3@gmail.com. If you do not have access to this email, you can change it in Settings > Privacy & Security > Login Email. | If you didn't request this code by trying to log in on another device, simply ignore this message.",0
5,5551152042,2025-10-24 13:27:38,Troi hom nay dep qua,0
4,5551152042,2025-10-24 13:27:32,hom nay la ngay 24 thang 10,-1
3,5551152042,2025-10-24 13:27:22,Toi nhan tin thu xem sao nha,-1
2,5551152042,2025-10-24 13:27:05,0a0e807a002200000200000022175159aadbdf4a01000000391cfb683abd1bb904fcdfc304f09f928e000000,-1
-210024,-1268639837,2025-10-25 02:38:05,0a0e807a0041000098cbfcff22175159aeb3a8f2010000001e37a5a25de89d4b000000009dd5fb6800fdce1515c4b51c01000000aeb3a8f201000000,-1
